,0,1
0,paul27@example.org,124h
1,paynesarah@example.com,SA-25
2,dvillarreal@example.com,55753
3,joshua38@example.net,New Narges 140
4,emilywright@example.com,IL Bosco City Compound - Sky V
5,nguyendennis@example.org,835
6,brittanylambert@example.net,ya71
7,amy08@example.net,Nf22
8,jeffreysnyder@example.net,2
9,kevinsmith@example.org,rootsdev-3562344
10,joseph27@example.com,Prim046
11,gmartin@example.com,Ma 179 
12,fdavis@example.com,kh 884
13,yblair@example.net,S/L 232
14,rasmussenstephen@example.org,A/HG 30
15,martinabigail@example.com,Al Burouj Compound$$%
16,ashepard@example.net,AE60AE39
17,hhopkins@example.net,129
18,craigwright@example.com,kayan
19,simpsonrandy@example.org,54846
20,jennifer12@example.com,Prim046
21,kristen92@example.org,S-126
22,chloestephens@example.com,estaj80ap
23,hannah69@example.net,10
24,oorozco@example.org,k 817
25,dorothycochran@example.org,H13
26,manningnathan@example.net,TMZ6746
27,mward@example.net,5645345555
28,hmcconnell@example.net,ZA 2757
29,williamsmisty@example.com,k13163
30,pjohnson@example.net,Eshraka2
31,mccannkeith@example.com,298
32,joann05@example.net,840
33,rogersdanielle@example.org,26-10 #13
34,elliottcody@example.com,DH.Capitalgardens.162
35,johncarr@example.org,M. GO 720
36,hmartinez@example.org,2222
37,joshua91@example.org,blu vert R1 
38,crystaldavis@example.org,..open home porto sale
39,andrew71@example.net,K NN 18
40,debrakennedy@example.org,GS.NM.5
41,john51@example.net,Z211 
42,garciaemma@example.org,8442
43,nparker@example.net,sarai
44,daniel63@example.org,25-10 #25
45,colton28@example.net,12547
46,gregorybrian@example.net,25-10 #33
47,bryanmark@example.com,ZI 882
48,smithrachel@example.com,Blue Blue Sokhna - ^%$
49,gonzalezjonathan@example.net,80 م هبة
50,mccannkeith@example.com,5435353577
51,paul27@example.org,165
52,dustin48@example.com,PF0535
53,ptran@example.org,Apartment155 26/10
54,nicholas19@example.com,Trio Compound - Fifth Settleme
55,bhensley@example.org,MIXED-144
56,jonford@example.net,es164saap
57,udixon@example.com,nm941
58,qsmith@example.org,ZA 2755
59,jeffreyruiz@example.org,mmo-aprt-owest0resale
60,ian76@example.com,00998
61,juarezkevin@example.net,المطافي 146
62,james47@example.net,AB1000
63,adam10@example.org,6272.
64,andrew17@example.net,3579
65,tsoto@example.net,rootsdev-3560261
66,timothyknapp@example.com,29-10 #10
67,hawkinsdevon@example.com,VW Apt 
68,jacquelinecolon@example.com,AE70AE1
69,hdaniels@example.org,flagsquare-3563150
70,kevinbarry@example.com,k13163
71,goodwinlaurie@example.com,Prim019
72,chavezkevin@example.org,flagsquare-3563150
73,robert77@example.com,MS 0055
74,jason52@example.org,IL Bosco City Compound$$^^
75,nicole91@example.com,l2
76,erussell@example.org,ASC.NM3
77,parkstyrone@example.org,mmo-aprt-owest0resale
78,christythompson@example.org,H 6
79,ibaldwin@example.com,ya76
80,vhernandez@example.com,22
81,bryantmelissa@example.org,P-A2
82,maxwelljane@example.org,Guide 4
83,lisamendoza@example.org,25-10 #28
84,walshjustin@example.net,DH.Capitalgardens.162
85,gonzaleztaylor@example.org,AI-452
86,davisdonald@example.com,MN/AS1030
87,barkerscott@example.org,0331
88,cory75@example.net,01097737347
89,matthewholloway@example.net,KH RP ST
90,marthawilliams@example.net,loam1
91,kevinbarry@example.com,ZI 878
92,jerrynorton@example.net,trio christina 
93,juliewalters@example.com,l2
94,tylermiller@example.com,374
95,ericphillips@example.net,01097737347
96,mmccarty@example.net,Prim018
97,jpierce@example.com,0322
98,johnboyd@example.org,Apartment155 26/10
99,qsmith@example.org,zahra 60
100,sherri98@example.org,an-6-33
101,xcruz@example.net,MD-353
102,oschneider@example.net,0318
103,taylor75@example.com,flagsquare-3563131
104,holmesgregory@example.net,k 820
105,john40@example.com,vill75hy8m2
106,leslie75@example.net,AE-FB-006
107,danielle98@example.com,galiria 200m
108,edwardsmikayla@example.com,S4
109,kimberly86@example.com,zahra 60
110,rickey63@example.net,a222
111,smithmichael@example.com,99
112,jesuslambert@example.org,1B
113,christine74@example.net,26-10 #15
114,ghoffman@example.com,0322
115,paulhodges@example.org,09536
116,hturner@example.org,56073
117,riverajennifer@example.net,H13
118,robertramirez@example.com,S2
119,xvaughan@example.net,SR - NR
120,josephpenny@example.com,BADYA R2 
121,johnscott@example.com,ssa 22
122,eharris@example.org,01097737347
123,hpowell@example.net,298
124,sheilagutierrez@example.org,160
125,brittanylambert@example.net,KO19O
126,arnoldderek@example.net,Apartment155 26/10
127,bknapp@example.org,Mountain View iCity October -*
128,paula34@example.org,26-10 #21
129,rellis@example.org,KO12O
130,moralesvictor@example.net,F- patio 5 east
131,jessica49@example.com,MW 398
132,jreynolds@example.net,853
133,michaelbates@example.org,S1
134,vhernandez@example.com,abr-0000
135,fjones@example.net,ya76
136,andreasalas@example.com,119373
137,nathanmoore@example.com,LVA4
138,kramerkevin@example.org,icon 1210
139,nathansmith@example.org,MS 0055
140,jamescampbell@example.net,flagsquare-3563126
141,hturner@example.org,200
142,tyler20@example.com,20
143,knielsen@example.org,kh 888
144,kimberlywagner@example.net,Granda Life-3E
145,lisavelez@example.org,nada1224566
146,franklinjackson@example.org,N VINCIII
147,pricebrent@example.org,k 821
148,nmiller@example.com,ARM8
149,brewerraymond@example.net,119372
150,ahartman@example.net,1541
151,wbailey@example.net,26-10 #18
152,morrisonmark@example.com,R/MS 232
153,robertgray@example.com,flagsquare-3563150
154,megan56@example.com,at
155,lisawhite@example.com,t337
156,luis99@example.com,zm222
157,johnsonmary@example.com,A110AA
158,barbarabrown@example.org,ZI 883
159,twilliams@example.net,119372
160,james56@example.net,MA034
161,kevinphelps@example.net,flagsquare-3563150
162,tylermiller@example.com,HS N 2
163,abigailrogers@example.org,ta-cash
164,zdillon@example.com,a24
165,gonzaleztiffany@example.net,AA500
166,mary59@example.com,SH3
167,harrishunter@example.net,20073
168,elizabeth68@example.org,Prim029
169,rodrigueztoni@example.org,14564
170,snydermichael@example.net,SA-23
171,campbelltamara@example.org,sephora new
172,dennis90@example.com,2039
173,mullenkimberly@example.org,bv1030
174,william40@example.com,sodic east
175,sarahbaldwin@example.org,2039
176,qduran@example.org,DH.Capitalgardens.162
177,tweaver@example.net,S-NC-HP-M-135
178,jerrybarrera@example.net,taj-110m2
179,nmendoza@example.net,ta-cash
180,david03@example.org,9848
181,blacklisa@example.net,esssa153ap
182,phillipmarks@example.org,Tawny Compound - Hyde Park
183,dereklawrence@example.com,K-1061
184,jaybanks@example.com,Faya-1097
185,christopher60@example.net,S743
186,lauravillegas@example.net,NadeenSW154
187,robert93@example.org,a222
188,mfleming@example.com,RA39
189,maxwellmcgee@example.com,S749
190,roy76@example.net,T 410
191,juankennedy@example.com,crestal
192,kennethcooper@example.com,3a82m
193,schultzstacy@example.org,167-2
194,bryanmark@example.com,GS096
195,yolandabond@example.com,sephora 187
196,lopezanne@example.net,at
197,sean00@example.net,Prim029
198,elopez@example.com,N-6
199,melissamunoz@example.com,B36
200,crystaldavis@example.org,open home rehb sale.....8
201,gabriela72@example.net,ٍS1801
202,yolandabond@example.com,09536
203,rrodriguez@example.org,flagsquare-3559712
204,torresalyssa@example.com,esta155ap
205,wbarnes@example.org,22
206,mhart@example.org,182828
207,ischmidt@example.net,Nf25
208,ashleymiranda@example.com,Prim047
209,mitchelljulie@example.com,ZT 407
210,mccannkeith@example.com,194
211,jeffreysantos@example.org,3579
212,katrinajenkins@example.net,es164saap
213,rellis@example.org,F015
214,raymondhunter@example.org,0317
215,mauriceharding@example.com,77777
216,jennifer15@example.com,A29
217,zsmith@example.org,428
218,josephlewis@example.net,A110AA
219,kpreston@example.com,RM510
220,josehall@example.org,Guide 2
221,dennishopkins@example.org,CA185-2
222,jacquelinestevenson@example.net,S746
223,millerashley@example.com,z70 akr
224,nicholasdodson@example.com,207  F
225,tamara54@example.net,هايلاند بارك
226,andrea78@example.net,478
227,christopherfranklin@example.com,flagsquare-3563131
228,juankennedy@example.com,DW-CH98
229,tanner77@example.org,TMZ6746
230,christiancrawford@example.org,1541
231,patrickharris@example.net,26-10 #7
232,taylor75@example.com,s2
233,andersonariana@example.net,20
234,thompsonjulie@example.net,ta132-cash
235,kcastillo@example.net,mohamed gamil2
236,odonnelljennifer@example.net,26-10 #9
237,hbennett@example.net,Patio6
238,jamesdrake@example.org,flagsquare-3559745
239,brownjames@example.com,Badya.penthouse
240,vmichael@example.net,26-10 #41
241,ymurray@example.org,26-10 #16
242,dstevens@example.net,296
243,williamscindy@example.net,0909
244,orios@example.net,4845
245,oharrington@example.com,588
246,oneillleah@example.org,56146
247,arnolddonna@example.org,d s651
248,monica54@example.net,ZI 877
249,tcook@example.com,ACl233
250,wagnerjacob@example.net,26-10 #18
251,briancohen@example.org,S745
252,valenzuelatravis@example.org,119374
253,michaelwebb@example.com,open home rehb sale.....8
254,obarker@example.org,mpp12
255,williamsdonald@example.com,Prim037
256,pamela22@example.net,0109
257,vickie86@example.com,LVA4
258,zcoleman@example.net,HS13
259,dustinlewis@example.org,ZA 2766
260,sara40@example.com,BADYA-A003
261,davidjones@example.net,pointmark-18032
262,kristen92@example.org,258
263,sheilagutierrez@example.org,261022-0043
264,cynthiaross@example.com,A29
265,lopezanne@example.net,rootsdev-3562983
266,markslisa@example.org,M. GO 710
267,ysimon@example.com,Oc72
268,teresa31@example.org,sephora new
269,dorothycochran@example.org,20073
270,monica57@example.com,Opat6tw57
271,jose23@example.com,Nf22
272,lisa79@example.org,_ taj \ 193 \ 3br _ 
273,marklester@example.com,ZA 2757
274,leslierichards@example.org,012918
275,umurphy@example.org,Prim030
276,michaelwalker@example.org,01112116332
277,lindafloyd@example.com,MARASEM 136M
278,cheryldavidson@example.org,sephora 1 new
279,brittanylambert@example.net,PRI-AZH-CH
280,travisharris@example.net,flagsquare-3560327
281,karencarson@example.net,l2
282,james87@example.org,A29
283,zsanders@example.net,flagsquare-3559696
284,williamquinn@example.net, AS27448 
285,wilsonmatthew@example.com,K-1062
286,deborahgill@example.com,flagsquare-3559678
287,matthew11@example.org,Studio 26/10
288,debraturner@example.org, K NN 19
289,brooke19@example.net,"MV Sahel 110"""
290,kevin33@example.org,mo.club.165
291,anthonybecker@example.org,26-10 #12
292,cwatson@example.org,Al Burouj Compound$$%
293,castanedadennis@example.org,MM 20
294,bishopjohn@example.org,26-10 #23
295,udixon@example.com,374
296,jamie56@example.net,mountanview126/10
297,mccannkeith@example.com,231
298,lnicholson@example.com,GMVNM.1
299,jonesjames@example.org,Hyde Park Compound&^%
300,davidevans@example.net,sephora new
301,mauriceharding@example.com,Faya-1188
302,adamwalters@example.net,26-10 #21
303,donald43@example.com,ZI 876
304,yharrison@example.net,KAB-D041
305,kthompson@example.net,Azha
306,eric63@example.com,mmo-aprt-owest0resale
307,vreed@example.org,j12
308,lisawhite@example.com,z70 akr
309,uvaldez@example.net,taj-110m2
310,monica57@example.com,ARM2
311,cynthiaross@example.com,MA034
312,ravenkelly@example.net,Badya.penthouse
313,donna48@example.org, AS27448 
314,williamsmith@example.net,Prim013
315,jonesnicole@example.net,rabeh-3559863
316,rebeccacarter@example.net,182A
317,nsexton@example.org,Nf22
318,angela40@example.org,P-A4
319,brentjackson@example.com,trio villa 25
320,trevor34@example.org,100-2
321,bhensley@example.org,F012
322,jacksonwanda@example.net,00202
323,fschmidt@example.com,Oc72
324,jacobfleming@example.org,26-10 #25
325,goldenmichael@example.org,250م أسماء
326,zsmith@example.org,an-6-33
327,jason52@example.org,Abr-45
328,pattersonjohn@example.com,S-126
329,laura02@example.net,mf/522
330,kevin33@example.org,rootsdev-3562320
331,alarson@example.com,841
332,brush@example.org,MMO-belle-vie-aprt
333,osingh@example.net,HA3
334,brewercynthia@example.net,11
335,mary45@example.org,flagsquare-3563106
336,orivera@example.com,65464
337,shawnsantos@example.net,25102022
338,brice@example.net,182A
339,peter39@example.com,D-A-N=2
340,tonyazavala@example.net,p002
341,prestonjones@example.net,vill75hy8m2
342,john51@example.net,ta132-cash
343,jessica08@example.org,E - Ground 118
344,laurafowler@example.net,Prim029
345,erin53@example.org,flagsquare-3559792
346,melissa35@example.org,blu 178m (H)
347,jjackson@example.org,ZA 2765
348,robinfreeman@example.net,184
349,pjohnson@example.net,25-10 #38
350,lwalton@example.com,3459
351,michaelsmith@example.net,neopolis 130m
352,schaeferrobin@example.net,mvhp134sf
353,nicole67@example.com,RP04
354,jonathan12@example.com,S743
355,adamavila@example.net,ٍS1801
356,markhernandez@example.com,S746
357,mark56@example.net,777
358,anthonyreese@example.net,etaba25-10
359,melissahowe@example.net,142 م هبة
360,hernandezalexis@example.org,flagsquare-3563106
361,qkelly@example.net,s41
362,ivaldez@example.com,0332
363,hherrera@example.com,GMVNM.1
364,fisherpatrick@example.org,hal57
365,andreamoore@example.net,25-10 #20
366,nicholas19@example.com,MW602
367,smithmichael@example.com,BB
368,brittany68@example.net,Mo.s.1448
369,dwoods@example.org,ZI 879
370,ischmidt@example.net,MV NN 11
371,jessica08@example.org,26-10 #18
372,brenda32@example.com,rootsdev-3562981
373,hannah01@example.com,Prim011
374,tylerberg@example.org,Prim027
375,odonnelljennifer@example.net,Prim020
376,randallhunt@example.org,Parklane-01.
377,uhernandez@example.org,a222
378,lorirodriguez@example.org,Nf25
379,robertaguilar@example.org,25102022
380,matthew92@example.net,582792
381,leemark@example.com,GMVNM.2
382,gabriel37@example.org,25-10 #29
383,davidsmith@example.net,S746
384,barrycastillo@example.net,anderww w
385,john42@example.org,ssa 22
386,ivaldez@example.com,K-1062
387,jennifer89@example.net,22
388,shawjennifer@example.net,flagsquare-3559696
389,shaunproctor@example.net,at
390,fisherpaul@example.com,YN- 188m - Kardia
391,jhines@example.net,GS.NM.5
392,oschneider@example.net,296
393,christopherburns@example.org,Penthouse 1611
394,allentimothy@example.org,Prim028
395,hatfielderin@example.org,Prim022
396,rrivera@example.org,Prim018
397,ucox@example.com,تاج 29/10
398,danny96@example.net,H 5
399,warnermarvin@example.org,26-10 #7
400,vmichael@example.net,S-126
401,johnsonmatthew@example.org,AE70AE2
402,xhill@example.net,B36
403,toddmathis@example.com,8445
404,hmartinez@example.org,GS.NM.1
405,daviswilliam@example.net,HS N 2
406,melissamunoz@example.com,Prim020
407,sosborne@example.org,N Talah..
408,nielsenmegan@example.net,Azha
409,francisanne@example.org,258
410,rachel30@example.com,853
411,gabrielmaldonado@example.com,855
412,leahhamilton@example.com,PF0534
413,ashleylozano@example.com,ZI891
414,mckinneymegan@example.net,26-10 #19
415,nicole03@example.com,flagsquare-3559792
416,wallacevirginia@example.net,rabeh-3560126
417,salinaskatherine@example.org,Sand067
418,itravis@example.com,Prim016
419,krystal15@example.org,G-Typical-170
420,bakerhenry@example.com,2039
421,ybennett@example.com,B155
422,bassmeagan@example.net,MA034
423,nfields@example.org,M. GO 711
424,judith69@example.org,1B
425,anthonyayala@example.net,RA39
426,gabrielle19@example.org,PF0538
427,sherry11@example.net,851
428,sandramartin@example.net,crestal
429,oscott@example.org,r150
430,hernandezalexis@example.org,01097737347
431,emeyer@example.net,Abr-55
432,alicelowery@example.com,5435353577
433,xbarr@example.net,BADYA R2 
434,hclark@example.org,PF0537
435,nicholasdodson@example.com,kh 883
436,brianphillips@example.net,834
437,christopher75@example.net,mt340
438,ryanturner@example.org,202010
439,gward@example.net,flagsquare-3560082
440,lisamendoza@example.org,kh 885
441,jessicamitchell@example.org,A05-2-440
442,carlmoses@example.net,KO14O
443,tjenkins@example.com,231
444,jeremy53@example.net,25-10 #42
445,hamiltonamanda@example.com,H 5
446,michellesmith@example.org,at
447,kathryn59@example.com,at
448,robinbarker@example.org,Prim013
449,tiffany58@example.net,012918
450,mary29@example.com,Prim015
451,abbottpaula@example.com,8465
452,jason52@example.org,853
453,garciawillie@example.com,25102022 1
454,sjackson@example.org,Farah patio oro190
455,sanchezandrew@example.net,F- patio oro
456,paynesarah@example.com,d s654
457,brooksmichelle@example.org,mt340
458,tabitha81@example.org,sarai
459,wingram@example.com,nadeen swan lake
460,joshua38@example.net,flagsquare-3563101
461,xbarr@example.net,1234556
462,kayla83@example.com,GS096
463,elizabeth71@example.org,MW 398
464,laura53@example.org,P-A4
465,kimtara@example.com, AS27424 
466,gonzaleztaylor@example.org,166
467,dennishopkins@example.org,w111
468,smartinez@example.com,836
469,madelinerobinson@example.org,r150
470,kennedybobby@example.com,e9
471,alicia95@example.org,183A
472,dereklawrence@example.com,77
473,mary59@example.com,S741
474,julia97@example.com, NM-949
475,jefferyburton@example.com,s2
476,watsonamber@example.org,nm941
477,gregory57@example.org, - Village West - Sheikh Zayed
478,hamiltonlaura@example.com,197
479,sharpkimberly@example.com,IL B 2b
480,wmurphy@example.net,22
481,smithjennifer@example.org,pointmark-18033
482,christopher04@example.com,rootsdev-3560214
483,sonyamarshall@example.net,3459
484,jeanette60@example.com,582792
485,xreed@example.org,Mo.T.195
486,yangtiffany@example.com,taj-110m2
487,enelson@example.org,a222
488,nmorris@example.org,2
489,sarahroberson@example.org,MN-AS1020
490,debraturner@example.org,amorada 186
491,andrea78@example.net,238-2
492,nielsenmegan@example.net,ta-cash
493,lisamendoza@example.org,K-1060
494,richard09@example.org,00998
495,dakota48@example.net,294
496,rhull@example.com,26102022
497,trevor34@example.org,25-10 #39
498,tylermiller@example.com,ms50
499,wmorris@example.com,saudi29/10
500,cmills@example.org,ya76
501,brittany26@example.com,h 29
502,rogersdanielle@example.org,h44
503,harrisheather@example.com,SR - NR
504,latoyaparks@example.com,rootsdev-3560214
505,kathryn20@example.org,ZI 878
506,westcheryl@example.com,flagsquare-3559712
507,jeremy53@example.net,1021422611
508,josephmunoz@example.com,eshraqa192m
509,michaelvasquez@example.org,5484
510,joel16@example.net,GS.NM.3
511,joseph13@example.net,ta132-cash
512,enelson@example.org,12
513,smoore@example.com,11760..
514,gabriel91@example.net,Opat6tw57
515,newmanamanda@example.org,sh01
516,william06@example.com,233
517,williamsdavid@example.org,kh 890
518,bakerhenry@example.com,S-00792
519,lisawhite@example.com,Prim014
520,burnsryan@example.org,Prim048
521,jamescampbell@example.net,Marasem 172 m 
522,andreasalas@example.com,Farah G125
523,goodmandustin@example.org,الجمهورية 168
524,hgonzales@example.org,H/I 203
525,brush@example.org,flagsquare-3560010
526,paulhodges@example.org,anderww w
527,garciaemma@example.org,Mo.S.260
528,zsmith@example.org,H 1501
529,hpowell@example.net,BB
530,ffloyd@example.com,3344111
531,silvadavid@example.com,THE GROVEq1
532,rbrown@example.com,2510M4742
533,davisdonald@example.com,a77
534,daniel31@example.net,25-10 #23
535,williamsdonald@example.com,rootsdev-3562344
536,migueldiaz@example.net,pen-202-cash
537,dakota48@example.net,Y lake 
538,marthawilliams@example.net,IL Bosco City Compound - Sky V
539,rebeccanoble@example.net,ZI 882
540,vschneider@example.com,flagsquare-3559650
541,goodmandustin@example.org,stonehiils26-10
542,xrivera@example.net,SR MT 22
543,goldenmichael@example.org,RA39
544,crystaldavis@example.org,Eshraka1
545,smithjoshua@example.com,THE GROVEq1
546,mccullougherica@example.org,Apartment185 26/10
547,erin53@example.org,p009
548,deborahhill@example.net,S1
549,kathryn46@example.com,#S-NC-HP-M-88*
550,davisadam@example.org,#S-NC-HP-M-88*
551,dustin72@example.com,200
552,qconley@example.net,T 410
553,shelby56@example.net,NG/25.10
554,richard09@example.org,374
555,richard52@example.org, AS27424 
556,sarah25@example.net,ap-ta
557,briancohen@example.org,ZA 2764
558,gomeznathan@example.com,ALB-PP
559,lorizuniga@example.net,Ap-ta
560,cory75@example.net,VW Apt 
561,megan56@example.com,_ taj \ 193 \ 3br _ 
562,jessicawatson@example.net,119300
563,brent93@example.org,KO14O
564,mfleming@example.com,blumar-n-p
565,kingcharles@example.org,Prim035
566,andrewstephens@example.com,199 شيراتون سبرنج
567,tracy30@example.net,الجيش 150
568,sandra32@example.com,100-2
569,hjohnson@example.com,crestal
570,tanya15@example.com,hal57
571,geoffrey32@example.org,flagsquare-3563087
572,chaseconrad@example.net,B 1b 
573,dayamy@example.com,تقسيم سامية الجمل145
574,travislewis@example.net,89
575,josephmerritt@example.com,flagsquare-3559792
576,andersonalexander@example.net,54534335353
577,jamesaustin@example.com,N-6
578,jenningsyolanda@example.net,25-10 #25
579,epotter@example.org,3459
580,matthewschwartz@example.com,little/v/3
581,danieljordan@example.org,0333
582,brenda32@example.com,855
583,timothyknapp@example.com,25102022-8
584,arobinson@example.net,hal86
585,amy08@example.net,AB1000
586,davisscott@example.com,KH
587,reginaldwhite@example.com,Z177
588,krichard@example.com,ssa
589,ushaw@example.net,130م هبة 
590,davischristopher@example.org,AAT
591,vanderson@example.com,ALB-PP
592,andersonjill@example.com,01283107571
593,ramosmegan@example.com,Guide 1
594,zacharyhernandez@example.org,183A
595,richardshepherd@example.com,298
596,xjackson@example.com,S1
597,vowens@example.net,De J 164 DP
598,jefferyburton@example.com,K-1060
599,robertmay@example.com,SA-23
600,bondjeffery@example.com,M. GO 720
601,morganjohn@example.net,ZI891
602,ghoffman@example.com,diaa new louts 
603,tjohnson@example.org,kh 884
604,melissa09@example.com,26-10 #6
605,kingcharles@example.org,11760..
606,calebherrera@example.net,25-10 #12
607,angelicaprince@example.org,mt340
608,xgarcia@example.net,AE70AE1
609,jreed@example.net,165
610,tsmith@example.net,k 817
611,kimzachary@example.org,"MV Sahel 110"""
612,uharmon@example.com,LOFT01
613,jonathon30@example.net,196
614,mccoyrobert@example.net,ZT 409
615,zgomez@example.net,mpp14
616,lcohen@example.org,26-10 #7
617,brittany26@example.com,MMo-twn-resale-plmhils
618,ryanturner@example.org,شقة 300 م امتداد الطيران
619,jonathan12@example.com,178
620,uhaynes@example.com,k 819
621,kristalong@example.org,01283107571
622,kim64@example.com, AS27448 
623,monica57@example.com,09-1209 =
624,wedwards@example.net,Prim09
625,moralesvictor@example.net,00770022
626,gabriel91@example.net,Trio Compound - Fifth Settleme
627,tracey96@example.org,VGK-0014
628,perezarthur@example.net,NM-945
629,hardinbailey@example.com,Prim032
630,hernandezjose@example.net,K NN 20
631,bishopjohn@example.org,flagsquare-3563126
632,usandoval@example.net,130م هبة 
633,christine35@example.com,سيلا 75
634,sabrinacompton@example.net,ya76
635,tracey96@example.org,Marasem 158 m 
636,nmitchell@example.net,Guide 3
637,mwood@example.org,F- stone 
638,ashley61@example.org,77
639,iandrews@example.org,RP MV.CP. 2
640,williamdunn@example.com,ذا ايكون 190
641,robert31@example.com,853
642,zcoleman@example.net,tr66
643,mcdanielkimberly@example.net,207  F
644,williamsmisty@example.com,R295 mi
645,mark85@example.net,Faya-1099
646,michael56@example.net, AS27445 
647,travislewis@example.net,GC
648,thomas65@example.org,GMVNM.6
649,pamela22@example.net,P-A4
650,johnsonbenjamin@example.com,8465
651,omahoney@example.net,d s654
652,kimberlywagner@example.net,blu 178m (H)
653,yhudson@example.net,546543
654,ortizkristine@example.org,t2323
655,ydeleon@example.org,A501!
656,awilliams@example.net,hal86
657,adambrown@example.org,الجيش 150
658,phamjeremy@example.org,Oc72
659,margaretdowns@example.net,29-10 #6
660,jmorgan@example.org,سراي@148
661,marissafowler@example.com,R600 mi
662,tsmith@example.net,77777
663,suzannecosta@example.net,SA-23
664,cheryldavidson@example.org,rabeh-3560126
665,brooke15@example.net,33h
666,amy67@example.com,Prim043
667,traceynavarro@example.org,09-1209 =
668,kschroeder@example.com,d s652
669,tracey04@example.com,es135saap
670,yblair@example.net,MN-AS1020
671,bryanrivera@example.org,848
672,wingram@example.com,Abr-55
673,jamescampbell@example.net,ta182-cash
674,cheryldavidson@example.org,166
675,qsmith@example.org,Amorada 87
676,erussell@example.org,mountanview126/10
677,jonesjames@example.org,F- V.R
678,abbottpaula@example.com,d s651
679,parkerjohn@example.com,Palm Parks Compound - October 
680,xgarcia@example.net,381
681,vhernandez@example.org,22
682,smithwilliam@example.com,100 م هبة
683,daniel74@example.org,AI-452
684,scott66@example.net,d s651
685,ilee@example.com,a12
686,stephanie04@example.com,840
687,johnsonbenjamin@example.com,0315
688,mcastillo@example.net,AD/A 842
689,lbender@example.org,selvia zatoon 
690,fbrennan@example.org,0320
691,shirley63@example.org,194
692,ryanturner@example.org,esta155ap
693,ilee@example.com,1541
694,james56@example.net,S750
695,paulperez@example.com,0322
696,robert80@example.net,184
697,prestonjones@example.net,H-108
698,adrianpayne@example.net,hany 46 
699,richardmatthew@example.com,ZA 2755
700,stacey32@example.net,374
701,fryan@example.net,9
702,fschmidt@example.com,Ap0226
703,jasontate@example.net,a24
704,clarksarah@example.com,Apartment155 25/10
705,tstephens@example.com,839
706,charles14@example.net,Marasem 140 m ff
707,melissavasquez@example.com,تاج 29/10
708,campbellwilliam@example.com,K NN 18
709,john40@example.com,22
710,theresa59@example.com,ZI 885
711,murilloshannon@example.com,ya71
712,castillodarren@example.com,S749
713,alejandrasanchez@example.com,hal72
714,lauravillegas@example.net,Opat6twq47
715,larsenleonard@example.net,Prim037
716,jlawson@example.net,175 م وليد
717,luis99@example.com,ssa 22
718,stephanie71@example.com,ZI 876
719,brooksmichelle@example.org,flagsquare-3563156
720,tabitha81@example.org,rabeh-3559863
721,margaret05@example.net,Z1-183
722,heather05@example.net,15
723,liubrittany@example.com,09-1209 =
724,gabriel91@example.com,K-1061
725,yjackson@example.com,77
726,josephmunoz@example.com,250م أسماء
727,david83@example.org,mt340
728,welchchris@example.com,..Mo.155
729,mcollins@example.com,Blue Blue Sokhna - ^%$
730,lisaaustin@example.com,mpp14
731,shawjennifer@example.net,YN- 188m - Kardia
732,vicki78@example.net,124h
733,tonydonaldson@example.net,09-1221    -
734,danielle02@example.com,IL monte galalaa %%$
735,schultzstacy@example.org,rootsdev-3562981
736,christopher04@example.com,MA034
737,kevinsmith@example.org,rootsdev-3560178
738,patrickjames@example.org,0323
739,rdunn@example.com,THE GROVEq1
740,timothy81@example.org,D-BB-B2-2
741,jilldennis@example.net,8532
742,hatfielderin@example.org,M/W 148
743,kellyheidi@example.org,ARM1
744,anthonyreese@example.net,rootsdev-3560138
745,melissa09@example.com,k 827
746,ecummings@example.net,3344111
747,mitchell99@example.org,BADYA R2 
748,zrice@example.org,A363!
749,bridget06@example.com, NM-949
750,bknapp@example.org,GS.NM.1
751,tyler20@example.com,ssa 22
752,rodrigueztoni@example.org,853
753,christinahamilton@example.net,25-10 #22
754,jordanjacob@example.com,Opat6tw57
755,heathkristin@example.org,836
756,smithjennifer@example.com,shiii1
757,matthewcarter@example.org,lob1
758,john42@example.org,RP MV.CP. 2
759,nchung@example.org,oct5
760,ortizthomas@example.com,"MV Sahel 110"""
761,brodriguez@example.com,Prim044
762,fergusondiana@example.com,kh 883
763,kelleykatelyn@example.net,Patio6
764,jacksonmarie@example.net,hal86
765,williamscindy@example.net,7002
766,josephlewis@example.net,721
767,millerlisa@example.org,HS10
768,yangtiffany@example.com,الجمهورية 168
769,penningtonkelli@example.org,54846
770,gwhite@example.com,S741
771,jacquelinestevenson@example.net,01097737347
772,ambergray@example.org,mpp22
773,porterashley@example.net,NC1
774,cordovakristina@example.com,ta-garden-172
775,wesley42@example.net,25-10 #19
776,bryan60@example.org,Prim050
777,vmorales@example.org,estaj80ap
778,julia97@example.com,Prim014
779,kmiller@example.org,ZT 409
780,phamjeremy@example.org,Patio6
781,rrivera@example.org,10
782,sonyamarshall@example.net,S penthouse 2 
783,brownjames@example.com,Prim010
784,hancockshaun@example.com,184
785,hhernandez@example.org,ZI 884
786,burnsdebra@example.org,MN/AS1018
787,colechristian@example.org,26-10 #8
788,michaelkelly@example.org,20073
789,rreyes@example.net,ta-pe-202
790,snydermichael@example.net,M 1514
791,zgomez@example.net,261022-0043
792,lisaaustin@example.com,at
793,holmesgregory@example.net,Prim036
794,wilsonkeith@example.net,01021422611
795,monica57@example.com,MI-AM-NTEAM-08
796,umurphy@example.org,Prim028
797,rrodriguez@example.org,MAD-032
798,jesse54@example.org,564646
799,rodriguezdeborah@example.net,HS13
800,garciakimberly@example.org,es182saap
801,garyross@example.net,R/MS 424
802,fisherpatrick@example.org,MVICRS175MM03
803,wallacevirginia@example.net,Eshraka1
804,michael61@example.com,mvhp134sf
805,krichard@example.com,HRA-149/1-S
806,ghoffman@example.com,588
807,jjackson@example.org,galala48
808,hancockshaun@example.com,تاج 29/10
809,emily81@example.com,Marasem 168 m
810,timothy81@example.org,AE70AE2
811,gutierrezjesse@example.net,a12
812,ashleylozano@example.com,etaba25-10
813,richardelliott@example.org,elnarges
814,cindylong@example.net,mohamed gamil2
815,mullenkimberly@example.org,هايلاند بارك
816,richardelliott@example.org,54646456354
817,mccannkeith@example.com,3344111
818,rschmitt@example.com,165
819,curtissosa@example.org,kayan
820,kingzachary@example.org,ta-garden-172
821,fischerdavid@example.org,GMVNM.1
822,carrieochoa@example.com,rabeh-3559863
823,torresalyssa@example.com,T 410
824,bryanlove@example.com,25-10 #28
825,marcuspowell@example.org,Z-2.6
826,alexandra63@example.net,rootsdev-3560214
827,jeremiah57@example.com,MC 1
828,josephperez@example.net,250م أسماء
829,schneiderbryan@example.net,h 29
830,jenniferbaird@example.org,LVA4
831,megan83@example.org,478
832,franciscomatthews@example.org,kh 883
833,rachel41@example.net,25-10 #39
834,hwolf@example.org,K-1062
835,chloestephens@example.com,298
836,carrieking@example.com,flagsquare-3560082
837,shawjennifer@example.net,01097737347
838,karen67@example.com,26-10 #13
839,williamsnow@example.net,THE GROVEq1
840,chunt@example.com,_ taj \ 282r \ 4br _ 
841,qblack@example.net,46522
842,uhopkins@example.net,KO11O
843,woodmichael@example.net,_ taj \ 265 \ 4br _
844,michaelwatson@example.net,N-4
845,oliviacontreras@example.org,7002
846,charles14@example.net,123
847,smoore@example.com,845
848,wmurphy@example.net,Penthouse 1611
849,lewisjulie@example.org,o1w254
850,westcheryl@example.com,bv1031
851,gamblebrittany@example.org,PF0534
852,jennifer15@example.com,26-10 #13
853,egraves@example.com,H13
854,jacobfleming@example.org,9848
855,paulperez@example.com,e9
856,johnsontonya@example.org,MS 0055
857,maxwellwarner@example.com, NM-949
858,lauren99@example.net,Med231S
859,salexander@example.net,galala48
860,garciaemma@example.org,M. GO 721
861,zsharp@example.net,40
862,smithbarry@example.org,P-A3
863,davisdonald@example.com,VW Apt 
864,odonnelljennifer@example.net,1555
865,lisajacobson@example.org,56146
866,louis15@example.org,KO17O
867,browndylan@example.org,sarai
868,ilee@example.com,20073
869,cwatson@example.org,ZI 890
870,leahhamilton@example.com,palm hills10
871,paul27@example.org,IL Bosco City Compound$$%%
872,alicia95@example.org,129
873,ahenderson@example.com,ah24
874,ricardo45@example.net,cb1
875,jose37@example.net,shiii1
876,margaretdowns@example.net,mustafa subhi 218 luts
877,sandersjeremiah@example.net,The Village sale 146m
878,vdyer@example.org,Ap-ta
879,robinsonamy@example.com,r150
880,awilliams@example.net,Prim015
881,smithjennifer@example.com,836
882,mitchell99@example.org,0148
883,klopez@example.net,01097737347
884,zpowell@example.net,es164saap
885,gary59@example.org,k 817
886,rfarley@example.com,KO13O
887,james13@example.org,Guide 4
888,danny34@example.net,167-2
889,rellis@example.org,H 1501
890,meganmartin@example.org,29-10 #10
891,jose36@example.net,oct5
892,goodmandustin@example.org,MW602
893,kevinbarry@example.com,Prim032
894,tracey96@example.org,F- patio oro
895,danny31@example.com,Prim06
896,jerrynorton@example.net,_ taj \ 193 \ 3br _ 
897,qconley@example.net,D-BB-B2-2
898,williamsmith@example.net,nada1224566
899,perezstacy@example.com,Med231S
900,anthonykelly@example.org,KO20O
901,erin86@example.org,29-10 #9
902,freemandonna@example.org,estaj80ap
903,elizabeth68@example.org,k 821
904,charles72@example.com,a24
905,ortizkristine@example.org,es182saap
906,watsonkenneth@example.com,H9
907,stephen74@example.org,TMZ6746
908,icabrera@example.org,ZT 406
909,yjackson@example.com,107  b
910,natashamccarthy@example.com,app open view
911,rickey63@example.net,Prim011
912,kevinjohnson@example.org,s44
913,shelby56@example.net,AI-438
914,alyssadiaz@example.org,mf/522
915,lorirussell@example.net,H 8
916,ecarson@example.com,MS5
917,fcooley@example.net,212
918,kennedybobby@example.com,blu 201(H)
919,yvonne91@example.com,K-1060
920,cynthiaross@example.com,00202
921,yolandatran@example.com,ta-garden-172
922,debraturner@example.org,160 م اسماء
923,lauravillegas@example.net,Apartment Hyde Park West
924,kevin50@example.net,neopolis 130m
925,lawsonxavier@example.com,99
926,melaniefrederick@example.org,119372
927,kelly62@example.org, K NN 19
928,smithmichael@example.com,0317
929,ayalamichael@example.com,836
930,patrickjames@example.org,..Mo.155
931,mmiller@example.net,ZI 886
932,vbauer@example.org,849
933,donnahenson@example.net,H13
934,umayer@example.net,D-BB-B2-2
935,emilydrake@example.net,207  F
936,vhernandez@example.org,galala49
937,parkerjames@example.com,Castel01
938,skinnermia@example.net,3a82m
939,rebeccanoble@example.net,Mountain View Resort;
940,thomasrobertson@example.com,2037
941,twilliams@example.net,pg:2013
942,igregory@example.org,PNC-32
943,alexander60@example.net,B 1b 
944,michael56@example.net,R135 s2
945,michelle27@example.org,IL B 2b
946,zwoods@example.com,IL Bosco City Compound$$^^
947,david47@example.net,119300
948,sarah25@example.net,a77
949,adamwalters@example.net,GS.NM.2
950,tinablackwell@example.com,26-10 #16
951,eblair@example.org,Al Burouj Compound$$%%
952,sherry94@example.org,182828
953,eblair@example.org,mpp12
954,spierce@example.net,NA-9272
955,williamsjennifer@example.com,845
956,reyesmisty@example.com,01097737347
957,zhowe@example.net,ta182-cash
958,jonathan12@example.com,Prim017
959,fwest@example.com,IL B G Apt 
960,travislewis@example.net,Sarai Compound - Suez Road
961,reynoldssteven@example.com,99
962,dwoods@example.org,ga-ta
963,clarksean@example.com,d s652
964,geoffrey32@example.org,شقة 300 م امتداد الطيران
965,jody10@example.net,836
966,susanmolina@example.com,01112116332
967,griffinsuzanne@example.com,CA185-2
968,susan01@example.net,لايت سيتي 
969,thompsonjoann@example.net,MN/AS1018
970,erin95@example.org,eastshire!`!!
971,sjackson@example.org,Trio Compound - Fifth Settleme
972,schultzstacy@example.org,31139
973,meghanbaker@example.org,GS.NM.5
974,sherry94@example.org,Farah patio oro190
975,patrickharris@example.net,00202
976,tgreene@example.com,taj-110m2
977,amandahernandez@example.com,194
978,emily85@example.net,BB
979,rmitchell@example.net,trio villa 25
980,uphillips@example.org,RZ7
981,maddenkristen@example.org,444
982,christophercrane@example.org,s44
983,davenportwilliam@example.org,294
984,kristin73@example.com,جاليريا123
985,smithvanessa@example.com,elpatio25
986,ghoffman@example.com,A110AA
987,amy83@example.com,rootsdev-3560178
988,wdelacruz@example.net,25-10 #17
989,nparker@example.net,GMVNM.5
990,michelleshepherd@example.org,MS5
991,ibarry@example.org,IL B 2b
992,frank40@example.com,Prim017
993,pwalter@example.org,00588
994,ecooper@example.org,tr66
995,xrangel@example.com,rabeh-3559863
996,alexanderandre@example.com,Prim035
997,reedmichelle@example.net,H9
998,hessthomas@example.com,10
999,tylerberg@example.org,S7
1000,danielbrown@example.net, H8
1001,kelly77@example.org,..open home porto sale
1002,michele03@example.com,شقة الدقي
1003,victoria84@example.org,844
1004,cvang@example.net,_ taj \ 265 \ 4br _
1005,oliverjennifer@example.com,189A
1006,kimcruz@example.com,11
1007,garciawillie@example.com,25-10 #28
1008,leslierichards@example.org,KO17O
1009,heather05@example.net,flagsquare-3559745
1010,rodriguezkaren@example.com,AAT
1011,david03@example.org,open home rehb sale.....8
1012,mtate@example.com,852
1013,davidedwards@example.org,26-10 #17
1014,johnsontonya@example.org,Apartment Isola sheraton
1015,melissaphillips@example.net,374
1016,grose@example.net,THE GROVEq1
1017,kelleykatelyn@example.net,Z177
1018,paul27@example.org,298
1019,krystal78@example.com,F- patio 5 east
1020,margaret74@example.net,09536
1021,clarknatalie@example.com,012918
1022,wmurphy@example.net,hal32
1023,jeffreysnyder@example.net, AS27445 
1024,ihoward@example.com,848
1025,reginaldwhite@example.com,14
1026,silvadavid@example.com,582792
1027,jennifer89@example.net,582792
1028,christophernelson@example.org,01283107571
1029,nblack@example.org,ZI891
1030,colemankristin@example.com,25-10 #36
1031,christopherburns@example.org,S5
1032,christophermendoza@example.com,GS.NM.5
1033,pwebster@example.net,mountanview126/10
1034,tcook@example.com,Badya.penthouse
1035,desiree18@example.org,P-A4
1036,berrydale@example.org,208 م هبة
1037,larryowen@example.com,badya R1
1038,hherrera@example.com,11760..
1039,gregory28@example.org,d s654
1040,donald43@example.com,w111
1041,sheilagutierrez@example.org,galala49
1042,morgankevin@example.net,130م هبة 
1043,jaybanks@example.com,Prim032
1044,hclark@example.org,0314
1045,thomasmichelle@example.net,Palm Parks Compound - October 
1046,crystal82@example.org, AS27424 
1047,phillipmarks@example.org,Piacera-135
1048,smithduane@example.com,25-10 #40
1049,vicki78@example.net,K-1061
1050,olivia50@example.org,kh 890
1051,mfox@example.com,186A
1052,xmorales@example.org,350Maadi
1053,teresa65@example.com,mo.club.165
1054,goodwinlaurie@example.com,SH3
1055,rebeccacarter@example.net,Opat6twq47
1056,tiffany40@example.org,700
1057,bbuchanan@example.org,A501!
1058,tabitha81@example.org,Prim045
1059,ravenkelly@example.net,rabeh-3560126
1060,laura53@example.org,ta-pentahouse
1061,ymorales@example.net,3a82m
1062,teresa31@example.org,stonehiils26-10
1063,shaunproctor@example.net,Prim048
1064,andrewvasquez@example.org,834
1065,donna48@example.org,flagsquare-3560082
1066,rodriguezmichele@example.net,ZI 881
1067,josephpenny@example.com,hyde 192 m 
1068,codyweber@example.net, K NN 19
1069,barnettkristen@example.com,flagsquare-3560082
1070,vdiaz@example.org,26-10 #10
1071,dakota48@example.net,65321
1072,robertperry@example.com,pg:2013
1073,marklopez@example.com,rootsdev-3560178
1074,scott69@example.com,DH.Capitalgardens.162
1075,william40@example.com,bv1031
1076,xhill@example.net,mpp15
1077,scottwilliamson@example.org,BADYA R2 
1078,byoung@example.net,26-10 #15
1079,jwhite@example.com,ستون ريزدنس 4
1080,kristen91@example.org,rootsdev-3560178
1081,davenportwilliam@example.org,MF2000
1082,sjackson@example.org,40
1083,edelgado@example.org,250م أسماء
1084,stephanie72@example.com,20
1085,denisebarber@example.net,837
1086,victoria84@example.org,H-H4
1087,wsmith@example.net,HS13
1088,abigailrogers@example.org,t2323
1089,colleenmartin@example.com,26-10 #16
1090,xkeith@example.net,22
1091,monica54@example.net,Prim046
1092,brittanyperez@example.net,loam1
1093,weberchristopher@example.net,سيلا 75
1094,gsmith@example.net,374
1095,michelle17@example.net,N-4
1096,ushaw@example.net,119372
1097,fhayes@example.com,5454
1098,harrisheather@example.com,12547
1099,stanleyteresa@example.org,25-10 #31
1100,timothyknapp@example.com,850
1101,rhondaconrad@example.org,s2
1102,anthonykelly@example.org,d s651
1103,bryan60@example.org,s41
1104,jillterrell@example.com,839
1105,shannon81@example.com,etaba25-10
1106,emily58@example.com,003322
1107,katrinajenkins@example.net,pen-202-cash
1108,rodrigueztoni@example.org,LVA4
1109,travisharris@example.net,Penthouse 1611
1110,erikajimenez@example.net,MI-AM-NTEAM-08
1111,lelaura@example.net,KO20O
1112,mark23@example.org,Prim028
1113,lawsonmary@example.net,5122
1114,dillonjordan@example.net,k 819
1115,martinrichard@example.org,27407
1116,albert66@example.net,12
1117,luis99@example.com,kardia 20
1118,mccannkeith@example.com,Al Burouj Compound$$%
1119,wesley42@example.net,5454
1120,jeffreyyoung@example.net, Y 29
1121,heather05@example.net,H12
1122,hunterbrittany@example.com,01283107571
1123,mark43@example.org,25-10 #12
1124,jasontate@example.net,11
1125,spencermicheal@example.com,esta155ap
1126,ortizdennis@example.org,NC1
1127,markweber@example.net,Z-2.6
1128,linda45@example.net,202010
1129,brent92@example.org,381
1130,qblack@example.net,pen-202-cash
1131,rellis@example.org,839
1132,uhernandez@example.org,ZI 876
1133,andrewstone@example.org,56146
1134,tsmith@example.net,841
1135,cassie40@example.net,142 م هبة
1136,collin03@example.com,D-BB-B2-2
1137,ricardo45@example.net,852
1138,smithjulie@example.net,PF0535
1139,paulhodges@example.org,R135 s2
1140,danakirby@example.org,3579
1141,pking@example.org,flagsquare-3559712
1142,mariahorton@example.com,Apartment155 25/10
1143,gutierrezjennifer@example.org,selvia zatoon 
1144,bethany61@example.org,HB 0165
1145,mitchell99@example.org,MC 1
1146,andrewsbrian@example.org,165
1147,benjamingonzalez@example.com,etaba25-10
1148,robertdickerson@example.org,MVICRS175MM03
1149,codyaguilar@example.net,..open home porto sale
1150,james01@example.com,flagsquare-3562805
1151,judith69@example.org,zahra 60
1152,vschneider@example.com,Nf27
1153,floresmichael@example.net,54646456354
1154,georgecole@example.com,11760..
1155,vhernandez@example.com,WTF32
1156,chaseconrad@example.net,26-10 #20
1157,nicholsamber@example.com,ZI 876
1158,tiffanytaylor@example.com,25102022
1159,zhowe@example.net,GMVNM.6
1160,johnmayer@example.com,PF0535
1161,kroberts@example.com,app open view
1162,gstewart@example.org,kh 890
1163,hross@example.net,160
1164,daniel63@example.org,01283107571
1165,cmills@example.org,sephora 1 new
1166,lisawhite@example.com,rootsdev-3560214
1167,buchananjustin@example.org,R/MS 424
1168,richardmatthew@example.com,15
1169,william08@example.net,p007
1170,colinwashington@example.com,TMZ6746
1171,josephlewis@example.net,0317
1172,brentjackson@example.com,MV NN 11
1173,mfleming@example.com,MN-AS1020
1174,ibrooks@example.org,la g 29
1175,shorne@example.net,S-124
1176,ghawkins@example.net,Dabaka
1177,amy08@example.net,KO11O
1178,raymondhunter@example.org,AI-452
1179,rschmitt@example.com,HB 0165
1180,john33@example.org,Mo.S.260
1181,rodriguezlogan@example.org,01097737347
1182,thomasrobertson@example.com,19
1183,qmcdowell@example.net,9
1184,oneillleah@example.org,bluvert r2
1185,gjones@example.com,545435434
1186,xkeith@example.net,AI-438
1187,nchung@example.org,HS N 2
1188,samanthagross@example.com,R295 mi
1189,patrickhart@example.com,H 8
1190,lisawagner@example.net,S8
1191,patrickharris@example.net,M. GO 726
1192,cesar60@example.org,Med215mS
1193,ghoffman@example.com,Penthouse 1611
1194,gward@example.net,T 410
1195,oliverjennifer@example.com,P-A3
1196,jacquelinestevenson@example.net,855
1197,erikbarnett@example.net,M. GO 720
1198,hbennett@example.net,Mountain View iCity October -*
1199,irasmussen@example.net,238-2
1200,lisa00@example.com,galala49
1201,nle@example.org,saudi29/10
1202,bcline@example.net,Mountain View iCity October -*
1203,smithrachel@example.com,K-1061
1204,kevin08@example.net,flagsquare-3563156
1205,millerpaul@example.net,Mountain View iCity October -*
1206,uhaynes@example.com,298
1207,jeremiahperry@example.net,Prim015
1208,adamsphilip@example.org,KO12O
1209,khanjennifer@example.org,kh 885
1210,mdaugherty@example.org,Ap-ta
1211,mary64@example.org,M-Typical-195
1212,ilee@example.com,700
1213,watsonamber@example.org,mustafa frg narges 304
1214,arobinson@example.net,ZA 2763
1215,penningtonkelli@example.org,MH 0059
1216,johnmayer@example.com,ZA 2757
1217,andrew95@example.com,00770022
1218,rgarcia@example.org,S748
1219,matthewpineda@example.com,Faya-1097
1220,kenneth49@example.com,Prim025
1221,kelsey20@example.net,zm222
1222,elopez@example.com,rabeh-3559863
1223,dorothycochran@example.org,Prim033
1224,kayla88@example.org,ta-garden-
1225,harrisheather@example.com,S743
1226,frankhicks@example.net,Prim017
1227,debraturner@example.org,galiria 200m
1228,barbarabrown@example.org, K NN 19
1229,tjackson@example.org,MF-Dorra
1230,mhart@example.org,KO17O
1231,shawnward@example.org,hal86
1232,dmays@example.net,NC1
1233,xmorales@example.org,Farah patio Oro164
1234,marthawilliams@example.net,Abr-55
1235,nicole67@example.com,119300
1236,brockkyle@example.org,mmo-aprt-owest0resale
1237,lancewallace@example.org, AS27424 
1238,mitchell99@example.org,01283107571
1239,fyates@example.net,open home rehb sale.....8
1240,williamwashington@example.org,25-10 #19
1241,johnsonpaul@example.org,09-1209 =
1242,icabrera@example.org,E - Ground 118
1243,kayla88@example.org,ga-ta
1244,mendozadaniel@example.com,Mena res apt
1245,ryoung@example.com,kh 884
1246,griffinanthony@example.com,M. GO 722
1247,emily58@example.com,azzar
1248,donald43@example.com,stonehiils26-10
1249,jennifer12@example.com,0320
1250,ccook@example.com,RZ7
1251,rebecca38@example.com,المطافي 146
1252,suzanne75@example.org,10
1253,reedmichelle@example.net,ARM1
1254,wilsonrandy@example.com,kh 884
1255,andrewsbrian@example.org,ZA 2766
1256,xreed@example.org,25-10 #26
1257,adamsshannon@example.com,taj-110m2
1258,hernandezalexis@example.org, K NN 19
1259,swansonjohn@example.com,Al Burouj Compound$$%
1260,houstonbrian@example.org,ZT 406
1261,kristalong@example.org,kh 884
1262,donald43@example.com,NG/25.10
1263,allenashley@example.com,saudi29/10
1264,jacquelineturner@example.com,50770
1265,smithrenee@example.com,Prim023
1266,williamsdavid@example.org,25-10 #23
1267,tiffanyvazquez@example.org,852
1268,smorris@example.com,77777
1269,emills@example.com,ZA 2765
1270,denise44@example.com,hm2232
1271,erin95@example.org,at
1272,williamdunn@example.com,k 821
1273,elliotttracy@example.org,vill75hy8m2
1274,teresa31@example.org,w111
1275,joseph25@example.net,شقة 300 م امتداد الطيران
1276,danny96@example.net,rootsdev-3562211
1277,nheath@example.com,RIVAN..5.
1278,zwalter@example.net,RIVAN..5.
1279,tstephens@example.com,11
1280,markweber@example.net,AB1000
1281,jessemoore@example.net,s41
1282,esmith@example.org,hal86
1283,dlewis@example.net,186A
1284,millerlisa@example.org,H_HMVNC
1285,ggriffin@example.com,56
1286,jenniferwright@example.com,galala49
1287,markroberts@example.net,zahra 60
1288,gabrielmaldonado@example.com,S2
1289,brookskeith@example.org,rootsdev-3562981
1290,mharris@example.org,hm2237
1291,lisaaustin@example.com,جاليريا123
1292,tjohnson@example.org,MI-AM-NTEAM-08
1293,gonzaleztaylor@example.org,mpp22
1294,martinbernard@example.org,100 م هبة
1295,srodgers@example.net,ZI 886
1296,richardshepherd@example.com,Apartment Isola sheraton
1297,lorizuniga@example.net,25102022 1
1298,michellesmith@example.org,hany 46 
1299,villaphilip@example.net,الجمهورية 168
1300,igonzalez@example.net,flagsquare-3563087
1301,patrickturner@example.net,25-10 #34
1302,caleb01@example.org,29-10 #3
1303,robert14@example.org,M/W 148
1304,tturner@example.com,e9
1305,sancheztyler@example.net,GS096
1306,edelgado@example.org,SH3
1307,johnmayer@example.com,kh 890
1308,garciatiffany@example.org,شقة 300 م امتداد الطيران
1309,oliviacontreras@example.org,MH 0059
1310,gordonsuzanne@example.org,S750
1311,adickerson@example.net,flagsquare-3559792
1312,andreasalas@example.com,hayat degla elmaadi new
1313,powellcheryl@example.org,LOFT01
1314,pjohnson@example.net,855
1315,zhowe@example.net,Prim017
1316,charles28@example.com, AS27448 
1317,larrytrujillo@example.com,478
1318,murilloshannon@example.com,flagsquare-3563126
1319,jody10@example.net,250م أسماء
1320,melissa09@example.com,ZI 878
1321,gpotts@example.net,taj-110m2
1322,weisscaitlin@example.net,SR - NR
1323,smithsteve@example.net,99
1324,bryanrivera@example.org,rootsdev-3560261
1325,qmcdowell@example.net,478
1326,stephen74@example.org,207  F
1327,jeremiah57@example.com,flagsquare-3560327
1328,brockjessica@example.org,ZA 2779
1329,eblair@example.org,badya R1
1330,nbest@example.org,D-BB-B2-2
1331,tmiller@example.org,KO15O
1332,esmith@example.org,MH 0059
1333,bobby37@example.org,..Mo.155
1334,terrisloan@example.com,Prim022
1335,charles14@example.net,182828
1336,ehayes@example.net,P120044
1337,leslie96@example.net,ta-cash
1338,emily56@example.com,neopolis 130m
1339,patrickhart@example.com,GS.NM.1
1340,alejandrasanchez@example.com,LHG
1341,peter39@example.com,sephora 1 new
1342,martinezkimberly@example.com,26-10 #9
1343,alexander60@example.net,374
1344,jeremyshepherd@example.org,F012
1345,gregory57@example.org,flagsquare-3560327
1346,lorizuniga@example.net,IL Bosco City Compound - Sky V
1347,yvega@example.com,ta182-cash
1348,josephperez@example.net,26-10 #16
1349,elliotttracy@example.org,35651
1350,freemandonna@example.org,ASC.NM4
1351,susanmolina@example.com,Prim027
1352,jamie56@example.net,26-10 #19
1353,bholmes@example.net,YN- 188m - Kardia
1354,margaretdowns@example.net,esta155ap
1355,michaelvasquez@example.org,202010
1356,kylewillis@example.com,S750
1357,lorirodriguez@example.org,26-10 #16
1358,andrewstephens@example.com,A363!
1359,soniapearson@example.org,blu 178m (H)
1360,wbailey@example.net,elnarges
1361,johnestes@example.com,KO19O
1362,wdelacruz@example.net,VW Apt 
1363,snyderalan@example.net,t2323
1364,mary65@example.com,444
1365,nmyers@example.org,197
1366,jreed@example.net,26-10 #17
1367,patriciagoodwin@example.com,selvia zatoon 
1368,tsoto@example.net,d s654
1369,denisebarber@example.net,S-126
1370,audreydixon@example.net,mf/522
1371,pwalters@example.org, K NN 19
1372,bryanlove@example.com,flagsquare-3559650
1373,ffloyd@example.com,O8
1374,parkerallison@example.net,K-1062
1375,marc04@example.net,Salem MVHP6
1376,laurawells@example.org,pro01
1377,mark15@example.org,001
1378,zsanders@example.net,AE70AE1
1379,elliotttracy@example.org,S penthouse 2 
1380,shannonjones@example.net,H 5
1381,rebeccacarter@example.net,MS5
1382,rwerner@example.org,HB 1109
1383,watsonamber@example.org,298
1384,samanthagross@example.com,M. GO 711
1385,tracey04@example.com,mustafa subhi 218 luts
1386,larrytrujillo@example.com,S748
1387,kroberts@example.org,Apartment155 26/10
1388,oschneider@example.net,01021422611
1389,seansmith@example.com,a33
1390,schneiderbryan@example.net,TMZ6947
1391,brookskeith@example.org,S-NC-HP-M-130
1392,ginabrown@example.com,stone  175mm
1393,hoffmanjoshua@example.com,LVA4
1394,fwest@example.com,MD-353
1395,jreynolds@example.net,Ala 265 elc
1396,annettealexander@example.org,Prim014
1397,kylewillis@example.com,251022-0042
1398,williamlove@example.org,26-10 #9
1399,darrellpoole@example.com,Patio6
1400,nataliebest@example.net,012867
1401,patriciagoodwin@example.com,MN-AS1020
1402,jennifer89@example.net,eastshire!`!!
1403,jamierichard@example.org,55753
1404,emilywright@example.com,Prim032
1405,sanchezandrew@example.net,MC 1
1406,hardinbailey@example.com,K-1060
1407,allisonwoodard@example.net,6272.
1408,ryanturner@example.org,45256
1409,alvaradoisaiah@example.com,251022-0042
1410,esmith@example.org,Eshraka 3
1411,harrisrachel@example.net,6272.
1412,maxwellwarner@example.com,lob1
1413,james62@example.org,flagsquare-3563087
1414,robert46@example.net,258
1415,yhudson@example.net,bv1031
1416,david48@example.com,124h
1417,nicole28@example.org,hany 130
1418,mitchelljulie@example.com,29-10 #4
1419,nguyendennis@example.org,ta -173- garden
1420,smithmark@example.org,Prim035
1421,bassmeagan@example.net,K-1062
1422,brianmorales@example.org,H-108
1423,manningnathan@example.net,Prim035
1424,jennifer72@example.com,200
1425,shannonharrell@example.net,11
1426,johnsjustin@example.net,E - Ground 118
1427,colemankristin@example.com,99999
1428,wadevalerie@example.org,22
1429,qjohnson@example.org,ZI 890
1430,brockjoshua@example.net,Faya-1099
1431,hoffmanjoshua@example.com, H8
1432,jessicawatson@example.net,Prim027
1433,lisa00@example.com,478
1434,teresa65@example.com,77
1435,david17@example.org,d s651
1436,jamesgomez@example.net,Blue Blue Sokhna - Suez
1437,berrydale@example.org,444
1438,allisonwoodard@example.net,flagsquare-3559696
1439,esmith@example.org,H/I 203
1440,matthew92@example.net,YN- 188m - Kardia
1441,dorothycochran@example.org,ZI 881
1442,hannah01@example.com,428
1443,xgarcia@example.com,G-Typical-170
1444,tharvey@example.org,01097737347
1445,richard77@example.org,25-10 #22
1446,jasmine04@example.net,Tawny Compound - Hyde Park
1447,hdaniels@example.org,HB 0165
1448,stephen74@example.org,open home rehb sale.....8
1449,kellydaniel@example.net,145
1450,daniel34@example.net,NC1
1451,ecummings@example.net,Prim010
1452,stewartmarc@example.com,855
1453,daviswilliam@example.net,Prim07
1454,hornedavid@example.org,1541
1455,ifrancis@example.net,Prim029
1456,ifrancis@example.net,ZI 882
1457,shannonharrell@example.net,0317
1458,patrickturner@example.net,543543543
1459,wedwards@example.net,AAT
1460,timothy81@example.org,GS.NM.2
1461,uphillips@example.org,nadeen swan lake
1462,heather05@example.net,nada1224566
1463,lisamendoza@example.org,Prim051
1464,brent91@example.com,e10
1465,robert46@example.net,o1w254
1466,ibuck@example.com,2510M4742
1467,leslie75@example.net,ARM2
1468,alicelowery@example.com,K-1060
1469,martinezkimberly@example.com,Prim043
1470,kevinsmith@example.org,med144S
1471,marissa11@example.org,25-10 #42
1472,josephmunoz@example.com,20
1473,steven69@example.com,119372
1474,stephanie04@example.com,H 1501
1475,dakota48@example.net,H-108
1476,uphillips@example.org,KO13O
1477,nmorris@example.org,Eshraka2
1478,erin95@example.org,h77
1479,droman@example.org,rootsdev-3562425
1480,ghubbard@example.net,Z177
1481,gabrielle19@example.org,25-10 #37
1482,sarahjenkins@example.net,Trio Compound - Fifth Settleme
1483,sarahroberson@example.org,flagsquare-3563131
1484,igonzalez@example.net,165
1485,jasonmartinez@example.org,ssa
1486,margaretmorgan@example.com,Mountain View Resort;
1487,brookskeith@example.org,ZA 2764
1488,hector32@example.org,00202
1489,wrightdavid@example.net,1021422611
1490,gjohnson@example.org,GMVNM.1
1491,alisonhunter@example.org,122 م أسماء
1492,fowens@example.org,232
1493,fschmidt@example.com,ستون ريزدنس 4
1494,brewercynthia@example.net,PAN80
1495,johnmyers@example.net,Piacera-135
1496,byrdbridget@example.net,S penthouse 2 
1497,yblair@example.net,RP04
1498,vbauer@example.org,26-10 #25
1499,murilloshannon@example.com,MS5
